"OBS"	"(YER_0/YER_0(-4)-1)*100"	"(YE_0/YE_0(-4)-1)*100"	"(PCR_0/PCR_0(-4)-1)*100"	"(ITR_0/ITR_0(-4)-1)*100"	"(MEITR_0/MEITR_0(-4)-1)*100"	"(GEITR_0/GEITR_0(-4)-1)*100"	"(GCR_0/GCR_0(-4)-1)*100"	"(XTR_0/XTR_0(-4)-1)*100"	"(MTR_0/MTR_0(-4)-1)*100"	"(XTR_0-MTR_0)/YER_0*100"	"(DIVR_0)/YER_0*100"	"(YFD_0/YFD_0(-4)-1)*100"	"(YED_0/YED_0(-4)-1)*100"	"(PCD_0/PCD_0(-4)-1)*100"	"(MTD_0/MTD_0(-4)-1)*100"	"(XTD_0/XTD_0(-4)-1)*100"	"(ITD_0/ITD_0(-4)-1)*100"	"(CPI_0/CPI_0(-4)-1)*100"	"(ULC_0/ULC_0(-4)-1)*100"	"(WRN_0/WRN_0(-4)-1)*100"	"(WR_0/WR_0(-4)-1)*100"	"(LN_0/LN_0(-4)-1)*100"	"(LPROD_0/LPROD_0(-4)-1)*100"	"100*LOG(YGA_0)"	"STN"	"100*UR_0"	"EUR_0"	"100*CAB_0/YE_0"	"(HDIR_0/HDIR_0(-4)-1)*100"	"(WHR_0/WHR_0(-4)-1)*100"	"(YET_0/YET_0(-4)-1)*100"
"2000Q1"	6.264900575678989	14.50123763470888	4.492198415005766	2.600343717673437	6.25949549707987	-20.93710683911723	4.700316861653264	20.5200015672139	12.97316940221669	-4.8567419509851	1.425693503352117	8.34979289094797	7.750759671735974	10.36321504366315	9.921205233134067	0.9159357727400508	9.551098754507837	NA	4.304143146331474	12.47874999023848	NA	-1.466120003435023	7.846053133585462	1.208175043602429	17.82	14.9062718026025	4.0579	NA	0.5531049228160168	NA	4.712485643999864
"2000Q2"	5.105173684500519	13.20488621563296	2.493678885539374	3.24245597758821	7.560186451685058	-26.13392699193251	5.392172652601057	24.46662804815147	11.09852187471154	-3.582335834298166	0.5944782657355396	7.71692105247086	7.706292894244937	10.01941219821525	16.09391737496138	6.57469073957524	8.313923948634439	NA	14.91235253107346	NA	NA	NA	NA	1.230052994868088	18.49333333333333	15.8811239267829	4.0892	NA	5.615593041373379	NA	4.804230349049576
"2000Q3"	3.228071957142875	11.01333825167168	2.565270653558804	1.413826523985096	6.329505450411821	-32.6319658471313	9.527980515592382	13.84969679293204	8.92881519405282	-3.948572297786646	0.1568881267520251	8.540100980344235	7.541811202054749	9.530536280610114	12.86742884975416	8.922060461964708	8.673845112845523	NA	-0.05811283972965153	NA	NA	NA	NA	0.4772889825461988	19.06333333333333	16.5998360964195	3.9708	NA	1.199016729944091	NA	4.812689614766574
"2000Q4"	4.21875975757724	7.436690973601889	2.2754211740313	2.682440648234885	-1.698053100558727	37.1668180025164	8.240449595224542	35.71772916507037	27.60491465266095	-5.328668105005867	0.1254818435289165	5.360661180890647	3.087669843231566	6.968628747441152	-4.5503214221846	-9.810008053211705	2.472232298089261	NA	0.2445093176965063	NA	NA	NA	NA	2.263174767302413	19.7	16.8404272753967	3.9157	NA	2.135358260532016	NA	4.740627265278685
"2001Q1"	3.165362806343119	6.203404120079981	1.568593752065661	-0.5235980646755012	-4.846275041889559	36.84672279802292	5.915524531743999	5.653777333915899	-3.585102485748493	-1.891459534228227	-0.5544895923787524	3.398913328043496	2.944826859611505	5.357022408608447	7.066959524946492	9.580018549815229	0.07726893159034631	NA	7.669970311218277	12.76304627735614	7.02945442025189	-1.494222467315753	4.730265970555037	-0.1642035111376785	18.52333333333333	17.078600223828	3.7738	NA	5.038574425923104	3.389705775770002	4.590941917754088
"2001Q2"	1.475584444788836	5.141264168679283	2.322238859197157	-6.940880088526824	-11.81654698358263	41.36314874321334	5.56289923286164	-0.3530725858072348	-3.994008418263395	-2.320367743118859	-0.190762242578529	4.149635644949923	3.612376064594014	4.306423415079541	-5.036124053105895	0.7990606492590091	0.3737511228614654	NA	6.684788201289349	10.45347947156121	5.893267025387239	-1.986779539328631	3.532547923477658	-1.648796047757487	17.08666666666667	18.0870172159949	3.484	NA	2.132753543144461	2.456865274520759	4.439370103271134
"2001Q3"	1.87560211262543	4.183344612166007	2.997757674629065	-10.41202782320834	-15.43304776847623	44.47526408145652	1.652614762348903	13.86690292314015	1.214073223864531	-0.4007657262476666	-0.1262757638704889	2.0443551390809	2.265255322848869	2.613411596742488	-2.830206110891287	-7.388815699001972	0.1965720534494952	NA	6.850593291259433	11.15873071499729	8.32768249810929	-2.072752561848978	4.03192653502058	-1.861054899074567	15.35666666666667	18.5994293283859	3.7611	NA	4.756502473453006	3.871341416316953	4.285874424959424
"2001Q4"	-0.7337515030693686	3.147903325113544	1.440117005076447	-13.15403774214903	-11.69290654905171	-21.3973469691392	3.522504892367917	-5.432127226385298	-14.71268294888736	-1.656256121989096	-0.0566696080020598	3.673312754600677	3.910347058499841	4.358024660899429	8.798044635252555	4.818435123596565	1.15154785368119	NA	6.130640810377574	8.881029920951811	4.334123106248366	-3.241266440352142	2.591512771027538	-2.520675262630293	13.39	19.1564616558346	3.6623	NA	1.05032836112906	4.130332097367706	4.130416597969111
"2002Q1"	0.8357837209796104	4.92658541932709	4.080451779517857	-10.51577446930511	-11.13770684857006	-6.777177889872799	2.028967525571934	-2.881526573996362	-2.125468435959665	-2.062920497941996	-0.6028777299212034	3.244960199990654	4.0568948317663	3.331884453294376	0.1504364043393158	2.905143230837104	1.384816461664284	NA	-0.5336901179665898	3.735634515382635	0.390731345145201	-3.314195188140712	4.292231850575967	-3.227958570247709	10.63666666666667	19.4115491914673	3.6182	NA	1.463147055975944	4.852128510265996	3.972957414004008
"2002Q2"	2.210875823061054	3.357659075710551	3.190667916827539	-8.003795066413655	-9.185619181441428	-0.6999245431551282	2.190088776134314	8.864232254068849	4.675058922838327	-1.177333608741574	0.04109566066977281	-0.1533436898798035	1.121977718530376	2.628010008115411	5.943240608466338	1.686975677885916	0.1364420909001796	NA	-4.048054239711208	1.236943602915463	-1.355445170465608	-3.124965412295166	5.507963179642039	-3.25731050757653	9.793333333333331	19.8831423927924	3.7169	NA	-0.9537775444605989	5.363031211580882	3.868246327899749
"2002Q3"	2.666930624815689	3.742036073508093	3.046320178483142	-3.919058616518212	-6.118691692834521	10.15558090985609	3.082161292022234	2.583677448687349	1.706577056328129	-0.1262232969351486	0.1051799762530013	0.6926977953243263	1.047177939526756	2.425622234156344	8.873417121192318	8.979223983693796	-1.20604212936134	NA	-1.704940162525481	4.294235598106844	1.824361251795614	-3.23863988050288	6.103232217928523	-2.972700045833912	8.496666666666668	20.2939797544485	4.081	NA	0.7175421488297973	2.52566581026441	3.814589706152138
"2002Q4"	2.460794272651201	3.535728461871757	4.348924880830252	-3.929212481027866	-5.899370160200523	8.558179680352263	1.272295459040129	10.55350819696599	6.399007471065965	-0.5126220020847531	0.1599247203761153	0.5580572117649396	1.049117564285318	0.8829574055200462	6.34354002360269	4.698033118145473	-0.418422082819081	NA	-4.92280239895555	-0.2688791515986111	-1.141755343758044	-2.320508377431241	4.894888958428445	-3.829311850024585	7.023333333333333	20.1776417463114	3.997	NA	-0.2932572009689438	2.008528315355873	3.810445467983725
"2003Q1"	2.601904348012463	2.039313742480142	0.7780928879649762	-1.803885291396856	-2.288416449039443	0.972517140884066	2.83592819511358	11.49207805605053	10.13721199152087	-1.829366242788393	0.6236764529896645	-1.061349725643912	-0.5483237461404	1.090877455979822	8.719871235695397	8.763274494706819	-0.1536129049109825	NA	-3.461640239725206	1.555168005329577	0.459280363405612	-2.466612496589771	5.19669927841393	-4.441312153132337	6.366666666666666	19.7617962616232	4.1892	NA	-0.7126976339621005	1.168632954119375	3.854411534519775
"2003Q2"	3.814294273705965	4.442333977867841	1.838240102166799	0.2268883296893787	-0.5043541858228751	4.359900651100301	2.676505013909325	10.58251308826674	5.016258753733416	0.4796374567361409	0.2988436605963442	1.164923404690055	0.6049645750189958	1.488443728932243	7.260568038606419	8.735759114839547	0.4929534438978589	NA	-2.409617574623146	2.429204296103138	0.926963240941614	-1.089960143554303	4.958297888038832	-3.315936378437682	5.553333333333334	19.6036215836969	4.356	NA	1.42676053693207	-0.5018531755197286	3.875174151738014
"2003Q3"	3.692239455977209	4.455095835595424	1.585118372740224	1.148038605230384	1.698461114984595	-1.853582382912256	4.008234674111733	15.3677272701312	10.78067295155267	1.26620259241479	0.8846057301743994	0.4152426577572088	0.7356928383653649	1.756200198619773	4.192351857604515	3.994593002342595	1.262327813075004	NA	-7.505526351187308	-3.187519396344174	-4.858396427258693	-0.9326168470775054	4.668394536994525	-3.147218381153339	5.2	19.7910454861584	4.4244	NA	-3.519358530168415	-0.120455646484785	3.87335942393876
"2003Q4"	3.88462155679794	5.853380158033361	2.520170403497346	2.150357501006295	2.810613234023851	-1.477188460839696	4.363223729350296	18.3260975464326	12.40127921758658	1.277627360889892	0.9944915654603145	1.845497599659796	1.895139599809781	1.527508833422875	6.201816607023836	5.171403601492619	3.364613610786371	NA	1.063367785170111	5.284732178512574	3.700694903540103	-0.2806057594681444	4.176948073129405	-3.795590744886652	5.596666666666667	19.647969766736	4.6232	NA	1.96694703072795	0.7854625044130481	3.849596420103962
"2004Q1"	6.615231236128749	9.566841045652797	4.776798632267276	5.458221798421481	5.993233031557588	2.491570677917831	4.554291875347793	10.64239475763138	9.857545999875338	-1.651738644697988	1.637532558078667	0.9475087389586578	2.768469172089416	2.599578715195316	5.018463873049095	7.195588827389754	3.091765848815675	NA	-2.956895055271047	2.718010328518994	0.1154308963123629	0.7250144396692138	5.847819262400966	-1.769621289629463	5.44	19.8043340095669	4.7763	-6.424158378157959	0.05056621545305173	3.145470318395849	3.804515844391032
"2004Q2"	5.270861460057907	8.897295297365492	5.15074633365753	3.577635093110887	4.161543017755465	0.4311907515333724	3.858451583529354	9.255586238857827	13.50682378521093	-0.8231427680022906	1.813271960205712	5.92954479848069	3.444860037251218	2.383065637395254	12.23970687795808	10.56898263026926	5.475420503605322	NA	1.649004347829575	6.571066888027133	4.090521439809502	0.4088498569340571	4.842214217224483	-1.827032438480742	5.863333333333333	19.2299538981093	4.6877	-7.094864537071746	1.423904252601282	-0.7727314628066972	3.715090166821811
"2004Q3"	3.587073931829088	9.79246593511245	4.463310478965887	4.465799247250746	4.012390791538634	7.027858746752136	2.650407220495588	3.435807208254404	8.698670725457514	-0.4615999684744567	1.452197415217031	6.320575980268139	5.990508050615562	3.851114459282434	2.322638574569202	7.402690177607929	5.917660413188086	NA	1.076780422532009	3.068452783260978	-0.7536382060958413	1.585379848842883	1.970454888257245	-3.142860337122404	6.686666666666667	18.6776350273987	4.4236	-5.365162522330754	1.416088992790732	1.609826100970846	3.582559659904239
"2004Q4"	4.392926950276133	11.56673606100065	2.711220628987521	7.695811913053996	6.805911289043864	12.7978466010374	4.64269880362973	-1.829117558691862	3.004801771749355	-0.4337948013279104	2.328285093031388	7.278641768317407	6.871930235409063	4.766011747802024	-0.555401651974452	6.330590093086697	2.832142262436466	NA	-4.275160037323977	-2.305261768204481	-6.749587388158684	2.287967667620117	2.057875750837002	-2.847740919032273	6.806666666666667	18.3858311337593	4.2342	-3.215779652658407	-2.216946144836007	1.346652676011861	3.408113423739523
"2005Q1"	2.481881481426451	7.253296510088147	1.644480597260789	2.093165130618546	0.8039107003711576	9.486360767323676	2.238747631933924	6.381359014241061	2.338509696510238	-0.3521935785656414	1.585762647638435	6.938800615119134	4.655862050626469	4.504356688056643	-2.720078362847356	-0.3854573081871981	4.326456909404786	NA	-0.8411171861141153	-0.5620558163240807	-4.848039512365832	2.194277645087706	0.2814285133829975	-2.461017039047775	6.44	18.231911902616	4.0267	-1.328470780579092	-2.574576262573292	-0.6566185350481923	3.19289196970387
"2005Q2"	1.808883293214514	7.594943876753191	1.102123802550148	8.358537134581677	7.091207588836834	15.44132177989885	4.697974318227494	8.428692344362609	4.352771150277501	0.535314179028575	1.874321695515342	2.804158596048922	5.683257095429051	3.692942924925902	-8.181863514017863	-6.217979700550313	0.2474648643273403	NA	-0.9427650145756306	-1.266203027952684	-4.782529854967111	2.142394856289687	-0.326516294771062	-3.090110276631139	5.493333333333333	18.2431925718361	4.1301	-2.477688496573524	-2.789524002537436	5.599610853745185	3.102964155259125
"2005Q3"	4.301788367276638	6.785730445569271	2.093313815552733	8.726133554602789	7.207266826651226	17.06692970268307	5.441296402074824	7.65706693520134	6.499135004492684	-0.0806977139199871	1.51922203675831	1.92096623611695	2.381495195025773	1.863873696787222	-2.992846680135985	0.5413201098549481	-0.6932230512870508	NA	3.491439424256848	5.081823601164603	3.159068851000213	2.723209806705551	1.536730173776402	-2.017892558196128	4.62	17.65304932654	4.0186	-2.980092419899202	1.663929861227298	3.034066054671603	3.135002145043186
"2005Q4"	5.106054097037926	3.632454275268593	2.760907537658608	10.05630073305161	7.502470162153618	23.92029781400209	4.292857695182617	17.04208901277062	13.48630662374157	0.695785019773575	0.1376774824515934	-2.358554109628686	-1.402012314541778	2.186346246497006	-1.618197427134438	-2.857467895330801	0.6878846974767816	NA	4.743278255294037	7.441190148883514	5.142412949877473	2.466778852192575	2.575737496981878	-1.101049689766749	4.603333333333334	16.8429073891556	3.9152	-2.75113778505591	3.411660006796136	3.974963947304833	3.28611648464554
"2006Q1"	5.523380293575952	6.298897543246218	3.828887756647714	13.00810752555077	10.81755764867482	24.57359846545069	7.647769847841746	23.06138984468329	19.54088250503496	0.7398361945247819	0.8768396303672411	0.3790771602028231	0.7349245707564345	0.7405714994134449	1.814724482912045	-5.192684430964944	-0.3775249675143089	0.8004075826189894	2.320836336106913	5.433142855136963	4.658074980000304	2.408410033711639	3.041713330808027	-0.5769161141533322	4.29	15.5929319151278	3.8346	-3.53958767070919	5.845109677783644	3.135519464071179	3.553825769939301
"2006Q2"	7.791334447432852	6.241093521265428	3.94642098413418	14.46246811562315	12.32988063334259	25.51887106299315	5.319194492069101	14.45609085998638	16.50855047562334	-0.1199182101008562	0.3857324306116265	-1.720903985359179	-1.438186969402	2.328281268339749	1.696985079817215	4.000579030466622	-0.2856032788174589	1.100992181781479	0.9244231585153084	4.964343388229397	2.576083646882554	3.64260756966428	4.002916344014174	0.7031271328346809	4.153333333333333	14.4339161681764	3.9482	-2.910592743816285	4.008034729903986	2.530191534037174	3.779130508832118
"2006Q3"	7.493585193729424	8.220110623740574	5.100559698970741	16.52004455452452	14.13115268826708	28.53367659272881	4.924236493616685	15.34729174854226	18.4256542695753	-1.128965732085357	1.331107356814379	0.1146160546927844	0.6758779407178839	1.864875518842779	2.228524019862421	2.765411230729264	1.66253419782656	1.506192845467424	-0.6777185652973028	2.682135187049961	0.8022978127097291	3.976296378995592	3.382779476884723	1.322177379702202	4.196666666666667	13.2677793589122	3.9537	-2.910104589210164	5.04185041599563	3.45847626471858	3.96252251796545
"2006Q4"	3.970188705090893	10.69501645558826	6.512780234021931	17.53323622219747	16.33934890772924	23.15581707728771	2.352795798578922	10.22689471985703	17.5170473651697	-1.90044746550075	2.02284906827968	6.287283127737919	6.468034572460146	0.1504405014145282	3.527039031292478	6.907372116083565	1.880719178608481	1.405124508575284	1.935293765501589	2.010912022798883	1.857676823057086	3.893118082695235	0.07418260594904691	-1.230298976061834	4.203333333333333	12.1626296245775	3.8478	-4.713013263709333	6.779599086528831	2.352597935489431	4.104656312444033
"2007Q1"	7.131860970899484	10.8296255551956	6.274322365940987	23.58978716975431	20.85793978731336	36.42047458008209	1.845552131709449	10.82620456612549	15.43817676757178	-0.9165125343608385	2.279169339418308	2.982791724995981	3.451601186411324	1.642782179636981	5.685011426296183	4.720535325303343	0.4601230398113998	2.114932734131258	4.588669653475796	6.725768837877077	5.000833850904196	4.986630112435608	2.043337190808625	2.191830909870383	4.206666666666667	10.9328230612937	3.8863	-6.006071011304764	5.530066786886434	2.227210605315144	4.20633781495543
"2007Q2"	5.917064358243662	11.68128785332627	6.795121187164321	18.02880978528825	16.89427338291334	23.29275923865284	2.386126283229961	8.656653235289502	16.67347897341795	-3.080467060689061	2.868580465449943	4.639177860515953	5.442204738215017	0.8314573536392977	0.24560896082233	3.098528589625249	4.889852306899312	2.418544125790323	3.409975899126039	4.576008408721344	3.713673444140597	4.736078946370537	1.127582227398172	2.234283455260592	4.423333333333333	9.89341427633426	3.8005	-6.118847386479088	7.02604457186764	1.028398417204013	4.307661212585057
"2007Q3"	5.965124358665075	10.50741152526347	5.546720616131906	19.86151678283887	19.49688921288977	21.48974250199052	1.601136463681962	10.22600346416851	15.76432620001167	-3.27023053462555	2.069879975836051	3.821637972886971	4.286586925736002	2.819071927162287	0.1351202638981475	3.279114501482061	3.184987970843522	2.111905573920891	6.037017968522851	8.281236289657002	5.312403876164296	3.768909375943341	2.116447976498814	2.802040357933991	4.926666666666667	9.235527090788191	3.79	-4.554068040404494	5.161095772348179	0.9160856510122439	4.408531839289598
"2007Q4"	9.022596519821203	11.20957971726728	4.25282097093207	17.62254272788066	17.57554217478299	17.83163936086327	4.861521930724755	10.43968046988133	15.55986646538463	-3.922366707648496	2.426759521986308	1.631331541118075	2.00599074619221	4.897527095298515	-1.331308709856527	0.9171529283106272	2.916893787994068	3.435432556353502	1.520209722431987	6.116006429846621	1.161590142578972	4.300917793145476	4.526977160489043	2.998032895378215	5.386666666666667	8.543797892601541	3.6584	-4.604384414915835	0.1315919636188045	1.404444108362224	4.508859691799461
"2008Q1"	6.237102384577198	10.30185688794707	6.259803742749792	12.46751063878555	15.59174278732334	-0.53216208888337	3.206061334508559	11.8433993860882	13.82274261854723	-1.749206559202086	2.720407599342167	2.967019654367853	3.826115746884273	3.570096034952641	0.48340670347784	-0.09687901527095644	5.022900161423194	4.257112062323842	4.36747907888746	6.200589572498183	2.539819540823629	4.403361649464976	1.756400087258703	3.736634111555868	5.803333333333334	7.60635710005716	3.5759	-6.968348188629375	5.217353095584842	1.220767971640213	4.608559503238174
"2008Q2"	5.295228484935843	8.885968207564909	6.392806401417062	14.41579338664754	13.14775450884456	19.99383189478183	4.534690803833552	12.1798987912378	13.23705934521719	-3.71401620682527	1.224566042167373	3.71235443284097	3.410163759835405	3.921079087363055	0.8944622446328543	-2.651990604393073	2.113249451115817	4.463155313127154	8.109467087546719	10.02010499870816	5.868901636613955	3.466644014760645	1.767317851649097	2.881921503740804	6.426666666666667	7.272399108722969	3.407	-6.049456329067122	5.367635722356789	2.388861222703409	4.615499988067384
"2008Q3"	3.189575450917204	8.069801660174324	6.303227136818235	6.702173041501958	5.645496883236945	11.34330593473241	6.14308856639727	8.071032301332725	8.993175408692466	-3.816423315752135	1.14813586372705	5.165715306402641	4.72937909467257	3.474770804454752	0.5444037545396796	-3.715468989084592	2.182361047253045	4.776845683202025	7.204736351141738	6.762515442146566	3.177339376672772	3.616996888729274	-0.4125012793713689	1.508868689652753	6.566666666666666	6.940260302319751	3.3081	-4.980753540632836	2.565351281070738	3.090277132946606	4.532659278173767
"2008Q4"	2.233859383370329	6.065942888777021	6.590794038557113	3.874848307507972	1.09170539974639	16.22961782480079	4.054999237241041	-3.023765146355284	1.295923135783972	-5.625251394813667	0.3018374868238849	3.503486704279402	3.748350623286845	2.64710333689937	1.899473323115397	3.027548406169389	2.185760750438437	3.745642072991795	11.22236453610535	10.34082822435223	7.495316124217544	3.050627399229677	-0.7925890763336163	0.936729239485788	6.64	6.96965769999121	3.7658	-5.311819599997039	5.206408075907398	3.694972147875464	4.363079115383472
"2009Q1"	1.893855283754409	6.872829302548755	4.631756018147959	1.71485711335555	-3.02199012222828	24.6194530357897	5.996258898057127	-12.04332471886923	-15.38707300137593	-0.02984666143003691	-1.732997464041716	8.33586134200841	4.886432066908153	3.335688731190078	10.76415956910333	15.20687372398246	2.483424140437629	3.438961909903737	6.660780565008895	7.299894671641449	3.836240885531383	1.28694135816052	0.5992025402837386	1.585137982973986	4.826666666666667	7.56904783930749	4.4988	-2.123452471118779	-1.52893368829361	1.437607751944259	4.109850682885119
"2009Q2"	1.693652942843493	6.089798527538526	3.270708237670306	-4.777344584068144	-6.940235046582332	4.194267386109884	2.709916521626576	-10.16506256170149	-17.09771092340938	-0.1253897394198153	-0.8265903762076761	5.77939425418712	4.32293015097589	3.022994709739169	10.71410835057569	14.1886492472596	1.823904444672619	3.847018473730346	4.615330638306436	5.475176189721309	2.380227333607432	0.8646347961206891	0.82191161292402	0.7189905683372088	4.44	7.94357454821106	4.4523	-3.043160142648238	7.233431431032633	2.974283375270037	3.917176375085663
"2009Q3"	2.627151379415871	6.656890887895783	3.168572445076134	-3.393311520652298	-8.547944368510162	18.08829268882715	0.9187691813821841	-5.256795862690189	-12.35227235619097	-0.3240263215168828	-0.7141869442107704	4.766474940176924	3.926582248767496	2.608818071801688	7.449888993464038	10.08478293837007	1.476057203575176	3.743338945227825	3.493289312479941	6.021658186653811	3.326069025046108	0.1797335628029195	2.443026877366039	0.3890898433140445	4.2	8.50454371471991	4.1978	-2.365077122870963	8.903851230613281	3.896602059668952	3.782806828132346
"2009Q4"	4.663014658198827	6.72963490326608	2.54879893127955	-3.796413019332023	-7.692327167629587	11.24564405955724	3.098245973151581	4.279219604923945	-5.98544456922161	-1.224410297971907	-0.1294838057182561	3.845617359542808	1.9745468366416	2.424460100546599	4.38701937846826	5.426568428872192	0.1431300373927025	3.33088701509161	-1.084882394649045	4.113041652997018	1.64861162147476	-0.5623672166688798	5.25493390038112	1.856509387716486	4.2	8.84205536717972	4.1745	-2.607552207856444	9.105765276842103	4.074170521893961	3.704758706499311
"2010Q1"	2.601023406463043	4.137845937942286	2.169973173218809	-5.707130072396005	-11.91262628999793	17.64342440108733	1.26935984004819	10.06047702132318	12.51528341565999	-0.9281240138140794	1.010707290222309	-0.3566140858147326	1.497862770228919	2.235323919488352	-6.048142939853807	-3.835851387950961	-1.891210246174835	3.024535600058242	0.5511743874477837	6.668134865626474	4.33588976509629	-3.282705656472018	6.083430169207138	0.5377597246553154	4.18	9.635460232740451	3.9869	-2.972560349079097	11.20589512690895	9.082007821062522	3.68129159003272
"2010Q2"	4.118690798649438	6.085368720898776	2.570220425176428	-0.3007778977382913	-7.411746838773881	26.0432916227513	3.61227590231552	17.75399982245285	18.29273426668732	-0.3370581090352194	1.157454201095769	1.242933557115422	1.888880764023981	2.871744183828406	-0.4780565921006286	-2.625202113700953	-1.180622609391124	2.214962369742324	-1.641248444746291	5.003990590699492	2.072723101749729	-2.470521521019831	6.756123812442572	1.084681117844549	3.8	9.589108292827071	4.0171	-3.06714109294987	-0.6136591510178979	8.26247387621699	3.738633925702195
"2010Q3"	4.885130473867072	5.826981816726584	2.921651570049599	-0.2963301292032705	-4.821925662063331	14.30967130323102	5.563614525890292	11.25600703769374	13.86642912303044	-1.327264564445528	1.490586747115557	0.6940825484062163	0.8979836689950949	2.655650814349464	5.754941746521824	4.706570872422611	-0.6088611568470848	2.112805905931769	-2.627547199255964	4.375008332404229	1.674878591110529	-2.151649329297656	7.191516009141874	1.357225485654252	3.826666666666667	9.579794244998601	4.0087	-4.63667911127737	0.1345688836704273	5.340251984347444	3.874599689547487
"2010Q4"	3.431533127234476	5.901448065123605	3.026625843715403	1.963307269967984	-4.31784160830555	22.0862610190937	2.061916522565044	12.31569013357423	12.40777402567272	-1.365297013711358	1.701242685697755	1.521938409950785	2.387970924544747	3.446174769119725	7.375267365750227	2.609712788730212	0.5171348660042208	2.826181835701136	0.5354689639424093	6.179072230531779	2.641854536923738	-2.066033633923858	5.613544478131804	1.224722092219655	3.87	9.6306188379753	3.9666	-4.227793553604919	-0.193369777879715	3.42803604034041	4.087069028838619
"2011Q1"	5.042104395376468	8.798143263262205	3.028556506659741	6.277649578642719	2.545458086483321	16.79316598176515	1.288944252457869	12.42327787649511	11.11890248579654	-0.4833146834235042	1.95295281272898	3.271408467658254	3.57574602061288	4.664823147740571	6.425391499045641	5.97080562587633	1.048140707207335	4.049071123499903	0.2541070541150381	4.057264724104104	-0.580480055633259	1.202952116462241	3.793518072966928	1.175839445307572	4.1	9.36483460718925	3.946	-2.546912534906351	-1.108847382791334	2.818393489428983	4.373985860369878
"2011Q2"	4.844363405223029	7.643733109998752	3.40706770181094	7.356234389902916	4.226768474327613	15.87272088430691	-0.5786988069047205	5.941019040589679	6.056751089975121	-0.3879072199530406	2.170418986472971	2.32578431316488	2.670024037397511	4.233368317037045	7.348190233318563	6.524179369581473	1.649074761560243	4.564226951146488	1.759075328911863	6.045037364491934	1.738089324662795	0.606928327004197	4.211872033748931	1.421523921630294	4.426666666666667	9.59749316917865	3.9596	-3.882850457224204	1.741453034860219	2.059380396769295	4.491796842824969
"2011Q3"	4.813012205514933	7.905158377190746	2.853287496055668	9.546840208561246	7.930830885148632	13.8894759435128	-3.82492297941095	7.966213134248079	5.343267581602684	-0.2935549886571618	2.249187278915705	2.815369983389338	2.950154858265908	5.003878696881325	5.775935124317644	4.857681289331439	2.077042392500017	4.145892474353907	2.382958466930285	7.144665411388229	2.03876917793373	0.1549282386434259	4.65087844281844	1.708902446809992	4.723333333333334	9.69971998621916	4.1527	-3.569547191861977	0.4054051993681584	4.739105154830314	4.445056376463064
"2011Q4"	4.455951319951401	8.253802969571655	2.210686849124799	8.996961813253158	8.286559589723064	10.78065898604177	-2.013951232464017	4.912342438420669	2.129976016682233	-0.2098934997381762	1.718301162389739	3.970993982286974	3.635840372548316	4.959930176722116	13.27819279122218	10.85207209506343	2.402324278704548	4.558772625946483	1.823513869892168	6.049604696878852	1.03818144535921	0.2933677916184374	4.150407569303627	1.432717337098741	4.906666666666667	9.925742601661259	4.4207	-3.183759026432526	1.878911186085697	7.412674129576291	4.238913700422353
"2012Q1"	3.362232570415813	5.722315105350995	1.702470594025307	5.43126348718892	10.05538171461115	-6.007909148706069	-1.784705958585198	5.57219944433327	1.811714881845061	1.087092935612783	2.244510992444447	2.780356048618149	2.283312266235527	4.022892834415881	11.97265016260882	7.060586551856329	3.30591087847556	4.149177592512476	3.635586544869684	6.839141784707881	2.707335735004879	0.2629319187917867	3.09117297121777	0.677085996222681	4.97	9.864407830737159	4.2329	-3.980396253999702	1.849693752240222	5.388019291794399	3.879043004016602
"2012Q2"	1.750182521359922	5.039889750956772	0.6020682241139053	1.214577516607962	5.427734753811886	-9.09868260025679	-1.21493400711461	4.414698253104699	-0.2461542661526095	1.588450523819248	1.459366376197151	4.242750375002258	3.233121698731312	4.010048687800749	7.053589421631301	6.594769441040449	2.465222057213712	3.944017785711917	2.552429821621582	4.1126050670099	0.09860237592713705	0.2254092637758331	1.521344007257786	-0.3468826809622163	5.036666666666667	10.0469826578648	4.2595	-1.25060980114002	1.390186405429472	6.25197202575356	3.5655436411687
"2012Q3"	0.8962010989257196	3.397395151773419	-0.3117983628567633	-2.405288822205554	1.619499791180279	-12.65506875989499	1.025287822006149	3.587292742283976	-2.364103041957155	2.242045644608639	1.06941805815503	3.408918853368736	2.478977429878992	2.911288732757278	4.528938943842076	3.416860323579263	1.467440659230879	3.839507760459449	3.362143519657645	4.130362087048511	1.184586617564309	0.151842455491602	0.7432301045933398	-0.6419485704048699	5.063333333333334	10.2943001730228	4.1366	-1.43734994920746	1.879580320185692	4.041296601604616	3.296220377725767
"2012Q4"	-0.267291168792716	1.183289807592858	-0.09130828266591395	-4.007379676600953	2.298361306513819	-19.48355179031471	0.5046473974172017	3.445205291908349	-1.304315742270201	1.812411228268364	0.6907927036223491	2.117361847230925	1.454468642620199	1.990586529366012	-0.8649165141701665	-1.005786617032678	-0.2982367384996687	2.916970112568329	4.533594494080617	4.158439810246395	2.125542517844226	0.09192305251897182	-0.3588843238860107	-1.857941787567597	4.566666666666666	10.3548541254127	4.1123	-1.065199028665506	-0.9891905177232152	2.208424446456236	3.069166980431492
"2013Q1"	-0.2723052217264765	0.5732618462531258	-0.3055499435234754	-5.103306333652336	-3.623765174735472	-9.388916956734727	2.561440783512214	1.682331360483769	-1.848012850828351	2.62341143870818	-0.1564591211322472	1.838894862925877	0.8478758782698215	1.27548134052371	-2.111088811750439	0.8860141245283781	-1.612161261911715	1.39910027978678	2.451831333550292	2.885207496816422	1.589452980114969	-0.6923812150200659	0.4230047990608554	-2.437559360903184	3.77	10.4899227541478	4.1558	-0.01697821596745929	-0.05744666823191968	4.164784090102081	2.882737940907587
"2013Q2"	1.049044452276915	0.7869478646424177	-0.2437443654292992	-2.666913685932049	1.496260775659564	-14.48637307163143	1.752196640187176	4.275145140254155	-0.68754600411991	3.727215720367304	0.09213574870907307	-0.2612372029063725	-0.2593756220607424	0.7322251882728503	-1.661804011211176	-0.9113042796248139	-2.46892652996108	0.4982863184286535	1.262308291329184	2.696885555055162	1.950379199020258	-0.3625140473695998	1.416694215184755	-2.048076479973573	2.946666666666667	10.5483308815743	4.1982	1.291432324166474	0.2334448166095182	4.011239005773248	2.782789902674532
"2013Q3"	1.369734073248297	1.202133611553613	0.8461165296223871	0.7902305380085961	3.817785722472888	-8.179985011857916	1.859726468351086	8.971115437797007	3.718260392752981	4.572378069918136	-0.2045377974262745	-0.3660341265890765	-0.1653358008945727	0.8331970585916171	1.773111324904142	-0.6467476846372833	-2.942070821432297	1.003126441192181	1.121575080905735	2.301168975389634	1.455841885034204	0.2008801823702777	1.166510602252813	-2.011122949309933	2.696666666666667	10.3282262177877	4.2477	1.255163273405017	1.258761008852449	3.660337959053694	2.767207593594234
"2013Q4"	2.175140955073451	3.378553286915209	0.8247467645388751	2.370738551166096	3.534925921870058	-1.259493402915957	2.126307837481778	7.103353845322435	5.060930159796451	2.74310614021027	0.6977315786339592	0.972171732736804	1.177793659585813	0.2590416020417319	-2.559943247105034	0.225545558973228	-1.895461509838514	0.6007527554778846	-2.935337956374373	-1.313554181915488	-1.568532631899	0.4960249996823762	1.670828229669974	-2.500839152378143	2.663333333333333	10.0224602124871	4.1853	0.389724434043154	2.579831708310798	3.355429091638817	2.834138312298484
"2014Q1"	3.165241410881992	4.261568021086948	1.57854457583364	8.92437019570227	9.304755071489712	7.752451362088775	1.236394475214997	7.384083314998802	8.032858606675353	2.465807321388613	1.033636803430153	0.05016927906185131	1.062689909131898	0.5579698377810915	-0.2479468858934464	-0.1838656370941605	-1.579161936409423	0.6008246381676852	-0.1820398754986852	1.167722255102954	0.6063690608566263	1.788828727599334	1.352223716972367	-2.25975803472071	2.706666666666667	9.773559727813639	4.1843	-1.27675935319012	3.006064201234637	-1.368143310815872	2.981975216636301
"2014Q2"	3.22740211593755	4.1137180781458	2.532761372931502	9.826829370746882	7.151836762676211	18.84067890180483	4.41036971376787	6.0501330623419	11.16008175169072	1.760665010492464	0.6610215488929232	0.718731970609543	0.8586053160698714	0.06936168007276589	-1.563784614945396	1.769177512343756	-1.304627067288244	0.200082896093301	0.1000304114107342	1.516430752163944	1.446066056379514	1.787129576322299	1.414984925510887	-1.929531796119621	2.71	9.235840048799689	4.1665	-0.1023279248937852	2.813677882529841	-1.856308916359573	3.105104021715066
"2014Q3"	3.309626029020185	4.712804632402556	2.52468164918831	10.17106800594145	6.933281086922349	21.01766433804355	4.395265486319189	5.354366961145507	10.25632446015601	2.637124578255503	0.8904706709886061	1.600620938008324	1.358226389270079	-0.8104600811419505	-5.006124246349675	-0.4334325903985525	-0.5475060946599108	-0.3010644872189716	-0.6447838084972179	0.5658368168463213	1.387542375046946	2.065975421359045	1.218477168838294	-1.908705345506517	2.593333333333333	8.608789461598649	4.1747	0.2649272069368673	2.944891365438695	-1.297370529726383	3.203872949671971
"2014Q4"	3.710935783955782	2.659368207775703	3.444797995334392	11.01429597664549	9.484484341871591	16.0162647612275	3.895374063599455	8.134952508052628	9.791608615941151	2.167214774574353	0.3321570115058262	-0.6162169009745644	-1.013940881191833	-0.690718930823675	-0.1937664287864127	-0.6692985710447075	-0.8347409587586174	-0.6998289161908811	1.914688410530818	3.71677398270176	4.438148042231127	1.908951650860602	1.76822948711004	-2.083179154261714	2.053333333333333	8.28055856812998	4.2112	1.690018753743266	3.988898481975922	0.7709596740331115	3.278679999619438
"2015Q1"	4.10591833242766	4.485822465093214	4.072053675496434	9.587595200209398	7.453579773735286	16.25694879926996	3.420091318279628	8.734529507795475	8.34787140282689	2.739260582737145	-0.0523567215278791	1.031706884754002	0.3649207833241741	-1.899077132199734	-3.497408322926954	0.8778562609159435	-0.7307386831325036	-1.393492650743866	0.02949581178197658	2.525020225010888	4.509740813725571	1.571913850496909	2.494788555092486	-1.511620991127985	1.873333333333333	8.023104745947229	4.1926	1.952746417734473	6.182347447667103	6.890078539486755	3.329969592003068
"2015Q2"	3.741869214912996	4.579032355338231	4.000749632581413	5.989108972428214	8.003240099186005	-0.1303067058024632	1.831495797595251	6.537572265826896	6.323450499495675	1.900985326065282	0.7368155870473286	1.193872825257203	0.8069674729794807	-1.952379270471716	-1.141149974856881	1.259861358654413	0.5349997476505886	-0.9004101642671181	-0.9900726168999729	1.424337022356803	3.443955363428408	1.272290646489371	2.438553085605766	-1.523060393512576	1.673333333333333	7.560375598347529	4.0883	1.582832695767181	4.297436706773294	6.937228807466522	3.321044030441622
"2015Q3"	4.186171389590521	4.40465261697538	3.373532480472252	5.888612278164107	8.960256749989192	-3.203824423138102	1.528153167309898	7.289611221053627	6.412876839402171	3.099100749143449	0.3606594040699881	0.1844434931548067	0.2097027124337902	-0.5924714208932036	0.7410946543595864	1.896602587114082	-0.1476718753980366	-0.8009231243033765	-0.47916758825437	2.354220431292142	2.9642542112295	1.302070972687108	2.847030064845413	-1.009319459207454	1.72	7.30583104309864	4.1877	3.090607684237705	3.551243957053329	9.055330245821104	3.253336847777644
"2015Q4"	4.794583749003123	6.919579336854564	2.998941367888985	5.410565276603352	6.701760453515315	1.426480133733121	3.929456457476377	9.567174533370991	8.028636233770836	2.940100724297277	0.07831590130419205	1.845841646485002	2.027772344552359	-0.7799595624262912	-2.826285813103802	1.075583588259144	0.640796020511436	-0.7013050924157049	-0.3479790509669956	2.709671101010613	3.517062327375764	1.674866087640869	3.068327288155004	-0.4803569517515367	1.726666666666667	7.02241453627442	4.2636	0.1443773698728053	2.943712106503504	9.335411088332336	3.128302330608368
"2016Q1"	3.023858498440068	3.567063369526768	3.073199214233191	-9.30358958447961	0.3296333194175327	-37.13016532276756	3.339715594409198	8.49477276883135	7.562169725255674	3.300275718737959	1.930644978422722	0.5262775810584985	0.5272612373518282	-0.1821333090982646	-1.029591638248728	-0.1191897140049636	1.176795003050679	-0.9008940842209268	0.8964662070543472	3.009606702611234	3.197563840542794	0.9104256413469569	2.094365219114924	-1.437390717796028	1.69	6.65859083242135	4.3652	-0.4351442509446373	2.230648739884122	6.66906169090089	2.947411983418213
"2016Q2"	3.557666417419303	4.05615212954662	3.110990725639873	-6.216676440073976	-1.37884047475616	-22.11225796800431	2.848770290364522	14.40239639514396	9.314511016952022	4.365808306604222	1.273101716594192	-0.03722494148177269	0.4813605108843655	0.3769244373633018	-0.5667019464479228	-2.366472893672089	0.6775804626185433	-0.9008213382799002	3.604990115744311	6.160727666974841	5.762084524935518	1.064595555931658	2.466809319103325	-0.8429479927478426	1.676666666666667	6.315533117397649	4.3723	0.977135855205664	5.504501013652385	8.127977464853654	2.855747510555928
"2016Q3"	2.524817160289095	3.665482591610436	4.585735372566124	-8.476266409880385	-4.210096732194602	-22.69161072697642	2.783466604591722	6.664604834580312	8.596548432972595	2.347297808109941	1.858866314207501	0.5921023901397371	1.112574948110567	-0.628536456712192	-1.825941670001263	1.974899281992526	1.392718990175323	-0.8013947759452966	3.363842959189567	5.548496577759776	6.216103511226989	0.4027479687356728	2.113556884134482	-1.327070363702699	1.71	6.00661698320198	4.3377	-0.9655330405030745	5.770465178850226	6.258677504024956	2.851108816957781
"2016Q4"	3.587052230245691	3.264375148285881	4.769949790002226	-9.378622452922391	-4.005278743619456	-26.82083474145793	0.4080086370502167	7.713430864066084	6.367837769103635	3.672139183433786	2.027607151344723	-1.025008479233203	-0.3115032960319231	0.2637044325979998	1.862931219906638	0.9911494464996951	0.9423544845784448	0.1935959409335997	4.218045071283538	7.377423434826125	7.095009148609988	0.5391983975636672	3.031507990177085	0.1544471187190734	1.726666666666667	5.60024438159918	4.3783	0.9249393063640511	6.560482304372828	5.954462271238214	2.931560152632495
"2017Q1"	4.875172735093947	6.228923379539286	4.836113528169728	1.978716492257404	-1.241428874455563	16.82270266382839	1.663394640348081	11.97691932243179	9.967811404090332	4.441916604834657	2.273457658652737	0.2102259117690242	1.290820896061962	1.0898450960384	4.695513244402227	0.7167559027775772	0.8484032702011923	2.009748704540315	1.422716760682019	4.712728347875506	3.583825109629224	1.580057241960175	3.243860638200546	0.2742004191291395	1.73	5.23814548615504	4.3206	0.8926318859226107	4.890205998670649	5.864497303630656	3.095413126410418
"2017Q2"	4.423066440201051	6.225316600916164	4.917177523618621	2.62567743223272	-0.1370891061880153	14.11965803789652	2.157792917212609	5.830053387139134	8.368289336167734	3.241352123576275	2.928219392296593	1.056449705717655	1.72591192937992	1.445536918799162	1.383318009040879	3.530751874840243	-0.213522612105177	1.806816581145121	2.714940037704738	5.489317062657517	3.986158747520996	1.676731887340854	2.701045265600399	0.3085018349149025	1.73	5.14083577020456	4.2148	-0.05294762325206317	2.678135119931402	3.11933790583323	3.227583125353872
"2017Q3"	5.335256134754895	7.373020944327768	4.504718595915702	3.69524430046031	-0.02564914580961419	19.05766316524011	2.278263257945357	10.8194241929217	9.041652897626173	3.30145008754272	2.411808573422484	1.407759640128914	1.934551530368367	2.24588033838935	1.278851869531272	1.338845561754409	0.6898100577774846	1.908872355284386	3.18243668422149	7.13233600577472	4.779122299317429	1.45161397539848	3.828073312168301	0.596374073594833	1.73	4.697145917507299	4.2577	1.911400890457363	3.230540404408444	3.052665329529503	3.328551798538903
"2017Q4"	4.790589543524781	7.040482305113449	4.494368314728514	6.687501426284226	1.457771816961406	28.95626387581711	3.52287123950823	9.940520113142103	11.25882816473107	3.241087673130447	2.672890867063708	1.961634019694447	2.147037030127485	2.420810514056382	0.1859302563849807	0.1928927416206871	-0.196545814272131	2.313731442346256	3.294616213847679	7.428775312705382	4.889596922259964	0.7579551960231301	4.002298716420172	1.491440211627921	1.726666666666667	4.44974780244991	4.2322	0.5599229689193989	3.135685735329763	1.644970611756635	3.398870921566077
"2018Q1"	5.12357660144549	6.308454035549871	4.4233332341864	10.10596963056636	4.321103058584685	32.64919010572167	2.601367520143416	4.261872736323014	7.652268060140099	2.784702591242897	3.418003264882938	0.9403078218018779	1.127128159458213	1.91320679263538	-1.089135203787561	2.249295505347204	-0.06606607707106971	1.605274950724467	3.049121045629	7.877035961995804	5.8518707800993	0.4188896492125949	4.685061713655392	1.889499377186401	1.716666666666667	4.03260068107487	4.1792	1.152000416487082	2.899695200235208	3.488761824051401	3.439157391502601
"2018Q2"	5.572151794372093	6.273604785148246	4.585658027163397	8.107148590048396	3.630616970371103	24.40429955600638	3.601484650166875	9.449974857865051	8.577349584134964	3.777988689638875	2.346119128221299	0.6328204448691643	0.6644299456380454	1.71205990674177	2.323676357994464	-0.5057642164305265	1.689475304546195	1.80791188778775	2.811428603516464	8.040575566512743	6.221991438943908	0.4624761559572033	5.086153391722759	2.297919765508181	1.7	3.81514734632773	4.2623	0.1744781332038302	4.116640977798847	5.114004898878077	3.492634209930046
"2018Q3"	5.849815697388139	6.853393062167035	4.378864203282573	12.2859460031812	6.356308613134232	32.84351439143789	4.281416883976541	7.440336832707883	7.68019472634871	3.235427466341008	2.811851582329281	0.7409363036901873	0.9481144186857859	1.822124585042584	4.226350996083017	1.593112086814119	0.2181654001247368	2.011876377547606	2.333636062363542	7.764001750017302	5.835546242223644	0.5159082897838729	5.306530576460489	2.784398256978343	1.706666666666667	3.85376669129399	4.3032	0.5702583738146978	3.496993286603001	5.094109443060435	3.558949875274342
"2018Q4"	4.932664029466127	7.203233830601286	4.553040282072018	8.663209728661126	3.897099344229726	24.63022797958207	4.779786773233474	6.656920035052627	6.680168890906546	3.282910775301738	2.653197682631262	1.568451024893913	2.163835086182275	1.478182112675541	4.551368142615697	3.369531106922596	2.315266248410941	1.40656653237492	2.259214551488298	7.249054961967105	5.686811420098059	0.05059539455753992	4.879599782146138	2.733158989883663	1.72	3.79731268789141	4.2993	1.18843723074149	2.724688322919855	6.387389879081296	3.637751658851873
"2019Q1"	5.544897239566815	7.967608810821858	4.017482471242073	9.026070736970393	10.23417834040576	5.323564510619971	7.178743298245949	8.636327329512516	5.811453353844453	4.243682705814539	1.787465123861387	2.221436391174092	2.295432213795845	2.542096777230474	2.729616083742914	2.278559056950735	2.354433976821824	1.204488398929304	1.879940110761646	8.035308751891378	5.357031060711304	-0.468578893422833	6.041786670111216	3.625271827946481	1.72	3.68002450115412	4.3016	1.748546279505846	3.508589831856224	4.920210672373027	3.728686235606538
"2019Q2"	4.906670193346696	8.713356791099812	4.155685562883016	8.059731580721397	9.200244531833013	4.600951518740137	5.949240040970127	3.812750946577959	3.653084607965229	3.81767198134389	2.199333461628029	3.569265654393505	3.628641144301703	2.61673599843506	2.570978186991346	5.333931870648811	1.726296753772871	2.412921146828229	1.102986730223288	6.313168033014604	3.602172685200111	-0.2345816543050216	5.153340639375403	3.437864403142247	1.72	3.332695820137	4.2823	2.005873357669381	3.863855791743642	4.128918325896502	3.717582578747769
"2019Q3"	4.571763503410642	8.187203811371745	4.109282416524795	2.847434583511665	6.257144802382197	-6.616766909582649	6.509496616096366	5.611673971788456	3.480692619585191	4.325444305988517	1.855950111905391	4.051929010809707	3.457377199001987	2.244530434235625	1.424656295654581	2.560063340617025	2.84557142508115	2.720112295595301	2.514097267494608	7.266333016620696	4.911561098728012	-0.06109434578157602	4.635689993666214	3.711153567612068	1.72	3.14797977440884	4.3184	2.61937096378189	6.079546288259463	5.046691922257884	3.607115996973942
"2019Q4"	4.023817192059642	7.612753159329055	3.408746053871003	6.814032950205862	10.65541501126865	-3.914176962780302	4.810118986101064	2.974971511618318	0.05662992363186792	4.721795898527361	0.9871040464900751	4.54485146274175	3.450109853826122	2.948776182942603	0.2165688709881985	2.05302950164401	1.839377752938542	2.822431519783697	2.737360950201206	6.715281076821356	3.658620367847409	0.1462241062269776	3.871931388765515	3.334607738567996	1.71	3.02921236409786	4.2871	3.503591983987858	6.418858008440442	4.521620606682353	3.400044960727899
"2020Q1"	2.218517672453824	5.672404896871885	1.020998621999047	2.940975433235504	1.422343291689776	7.812147693649196	4.328091897336139	3.146912110409206	0.9373890133379303	5.397463792814385	1.510417919511161	4.424987954426984	3.378925172330871	3.516996148886431	1.511542918600761	1.375939944800764	1.563026051144178	4.669443525347194	3.439694325803844	4.908528798257894	1.344255244201698	0.7873463063087005	1.419991118523511	2.767394531450416	1.623333333333333	2.91239447618607	4.3241	4.172257553479898	5.932451042307663	7.145544379958091	3.099199311130985
"2020Q2"	-7.820906275788131	-5.03129547138601	-9.957007212679891	-10.48208420049647	-17.26465292840941	10.9915180452052	4.54356638293878	-13.36972784824722	-15.7574309046645	4.917627966254566	-0.1488967319407794	4.167120883494557	3.026294457557288	1.202684874105886	-0.975513136500028	2.805590026976934	1.031389489376622	3.228591416905324	12.35408892956014	4.608245505623865	3.365089212558381	-0.9953943527368225	-6.894135761087162	-7.568543946336324	0.5866666666666667	3.14738384010371	4.5027	6.702659036249839	8.335011794797364	11.04977749692511	2.904095121860206
"2020Q3"	-1.90953222826008	2.961932331812878	0.5423510384800601	-9.072360645529864	-12.37846597686455	1.369368622652556	3.709009852587641	2.385846000498382	2.02035229814399	4.706260538396268	0.2510336160458437	4.302802173707598	4.966297613554582	2.167186528907017	-1.331867924055785	3.035640355507918	1.47414075301302	3.02271708070232	5.337516051274394	3.844342542992241	1.641579915299607	-0.4990934474361053	-1.417513497807965	-0.9896594118941276	0.2366666666666667	3.35431562012864	4.4413	5.067113850117213	3.190803191594282	12.70798894631109	2.811613986433681
"2020Q4"	-2.559312879507736	2.751843078375793	-3.449689761362718	-13.65608001676069	-18.27867330036398	1.211449157446465	5.432720803022262	8.025623188638221	7.792785287622417	5.355316654138725	1.374053866310261	4.867668657786872	5.450655280495353	5.142932921071441	0.9910885962590044	3.912741901099692	2.104980217662855	2.817991917161144	4.893258049205151	1.758077461938257	-3.219289556697191	0.4428483079850443	-2.98892478465691	-2.038162834526251	0.2166666666666667	3.38458397026588	4.5051	4.778184210917665	-2.757132358168979	12.42977317307687	2.819144003363028
"2021Q1"	-1.094515447355193	4.632687692645931	-0.4234211499525853	3.45953219320807	6.14563452596677	-4.645773469118398	2.492577404099228	6.72418275007971	9.946002476393257	4.164550883301529	1.863272963779319	2.804122904078121	5.790581953978968	4.311806110613126	1.930594288872634	6.403681406754047	2.281793957771994	2.91874738897131	7.419469069769824	6.214685350259819	1.824222310587609	0.02736065825459377	-1.121569236883591	-1.215748855612388	0.21	3.58610485077085	4.5457	3.411670927532886	-0.7067387772181632	13.99233532520599	2.924542894939264
"2021Q2"	10.92838905661595	15.88262089749302	13.91021999351456	5.313294103411037	11.96318171299111	-10.38044065690202	2.430599274669776	29.02053199193597	35.10471007190572	3.146410687161423	2.525768161219951	3.139743170002518	4.46615323904922	5.373696799774663	7.538914470960578	6.821203630916206	1.843759182778926	4.560517750452187	-2.41006796091473	6.163690295789603	0.7497065396842251	1.969834687158589	8.785494648434167	-0.2311807088019989	0.21	3.43086481306952	4.5291	2.065510709304139	-2.991687677130717	8.052459388408661	3.080601094633884
"2021Q3"	5.52307232004503	10.75225415195746	4.678330845922685	7.161987711162454	9.884946603660039	-0.2716422497939797	1.742372264378411	8.689240961877086	14.60559460411868	1.851983615630938	5.934131482575359	5.193366226932516	4.95548671673729	4.309639054834169	12.03841042775451	9.105487380692656	4.40739063054747	5.500576378060407	1.722140626587532	5.501159769682418	1.142292050518834	1.743268276125143	3.715040914217171	1.152974357691084	0.22	3.19500732401737	4.5661	0.7078163240109753	1.049294495114084	5.789167592127176	3.286149448276476
"2021Q4"	7.627794469083993	15.36418251492795	7.009472918610915	11.76117062386541	16.17523797111482	0.2981826738446491	0.3836580766813258	6.607592556278563	13.30585882854614	1.829986522496349	6.156770731858888	7.260658177364943	7.188094937749678	6.482619910283827	15.30767076220247	10.8449785221941	5.942685407458437	8.442623099784608	1.921566646099149	7.695337969168059	1.138888261676874	1.857644293700766	7.12709410502177	1.833966542539833	1.51	2.9	4.6173	-1.413358588751459	4.054220334827674	1.508368333390808	3.539960865608416
"2022Q1"	5.969973820789964	13.86611229390931	7.353926275689204	-9.561389185929192	-12.32256888181078	-0.2866484581138362	2.717988173127872	5.153865644337374	7.956320818326845	2.634739780620873	4.502978006364353	8.892084396808976	7.4513336722553	8.933332152330276	16.5452471498385	9.368196933494644	6.948868669874075	9.81557823980317	3.500402823852511	7.668198113140012	-1.16139551481157	1.867884736590519	4.026832484876786	0.3255694470591907	3.800000000000001	2.84278	4.610000000000001	-0.16883182212071	2.1384211450858	1.586105756246536	4.349201166382688
"2022Q2"	4.784744396088758	14.57266213423609	6.04709001036059	8.707595607369845	8.585280880779678	9.068142695837178	1.764855832155332	5.024099682817451	6.099524213935026	2.56714136559603	2.982463214891647	8.855849321920939	9.340992486890176	11.88165680798674	13.886608802953	5.321338239947382	8.703850837008087	10.44411991677796	6.29232556571957	10.32053933105786	-1.395290436311025	0.9586621885352198	3.789776310100934	0.1796385532918161	4.5	2.99013	4.59	-0.6560389628125823	3.124117246263203	3.048220571392979	4.35515714469199
"2022Q3"	2.96888028226423	11.42840328318351	3.717061085488038	8.010729227632108	7.69308546550298	8.966163642012104	2.46679202465887	4.108055301938718	2.262819847251563	2.912308505385358	1.838244128331862	7.729483420250616	8.215664492340657	13.39027169173861	10.1347944498436	3.657011531468757	6.279519697801805	10.3234349310519	9.382707799449076	12.02910090873885	-1.20042179016645	0.5364553196983479	2.419425809352993	-0.1027828034309026	4.5	3.10171	4.57	-0.02802555484577415	-0.4635362245049457	2.488212802737833	4.270053796638251
"2022Q4"	1.511924469713422	8.022984002011157	6.019682681773064	5.84849164077601	6.485840969779177	3.9314991360764	3.069656077500271	1.634324558387679	-0.9963894121733374	3.35535908593473	0.845105748208719	5.999065608478227	6.414043593121654	8.719174331841128	5.769774463296073	2.146463753263483	5.538066053467605	8.567881212504581	10.58885839087784	12.70531909691746	3.666470425216484	-0.3943364243759739	0.5227946449463339	-0.7072450924994428	4.5	3.21244	4.57	0.8319427370155605	1.546259599300592	6.091155548268357	4.12461907334718
"2023Q1"	2.82746688140163	10.02759841098591	4.772016214434327	11.12075861374433	11.95350374491235	8.661254560172814	2.267508043541833	3.830121000414621	2.357681468504835	3.486608940866272	1.288330013518586	7.960338809885159	7.00214099779739	7.166351428107443	3.181493801314894	2.618990730007842	5.841723899372164	6.97394428649083	6.704763305856543	10.10817382327371	2.745106021490362	-0.3508901353348359	3.189585177533716	-0.2600378054305458	4.5	3.08344	4.57	1.302634736727723	1.245763656465293	1.094036410037091	3.431354913529661
"2023Q2"	3.515282344876192	10.48680103926103	3.806968081359607	3.932827290307928	4.158630635330529	3.270022165007025	3.907703427210762	4.715897781384459	2.934505985201064	3.592606552110548	1.651984664017357	7.696850988547288	6.734750735830031	6.647250340565414	2.156749035740857	3.495886077226351	6.141997804007215	6.243668869660368	5.175906407721942	8.994836968285824	2.201211057756325	-0.1116799731110008	3.630971700003394	0.2303345262433161	4.5	2.96831	4.57	1.677435776028592	1.581541162013056	1.528740845868737	3.462825312616302
"2023Q3"	3.426329046761545	9.35150946969825	2.915956183070256	-0.008520431804004414	-0.9435568733188071	2.771409141321857	3.087698443056919	4.723087520942593	3.082242750756659	3.863077589902901	1.840914897638726	6.640909636149139	5.728851015778402	6.244773835409489	2.17626677377738	3.724652583387211	5.780497077533631	5.901567299828159	4.079590158248858	7.667190955806413	1.338835985162534	-0.01987136720972282	3.446934485492537	-0.1785993938111022	4.5	2.9611	4.57	2.119018810904501	1.083390704935105	1.942935580399041	3.50479584654817
"2023Q4"	3.878323479251344	9.084926193166233	2.504499348040357	-2.549391069012175	-5.434834968009339	6.34337542507466	3.732002632113529	5.409074767432975	4.105865690768895	4.123944268833168	2.020365683882686	5.819547591858365	5.01222578407492	5.434777607891195	2.233599457998747	3.537823119960737	4.931006696213025	5.352887032141496	2.831777510489664	6.805378965257125	1.299982034810587	0.01362370141626545	3.86417330252864	-0.3565147593070874	4.5	3.00967	4.57	2.550068149721046	1.614722776487643	2.310540161075747	3.514625698589202
"2024Q1"	3.150473424045308	7.950200961959752	2.370024104772495	-2.065397362655108	-4.016306046576046	3.871204138782103	2.941236150149917	4.65347884943057	3.223177517795839	4.333778918127187	1.846351800740402	5.028903178875654	4.65311676317568	4.670366952556715	2.337305435177228	3.420722877160887	4.066310579173216	4.688593251221995	3.123763238540866	6.537769978318453	1.784091652201436	-0.1549281479668374	3.310555529308346	-0.5689353723628287	4.5	3.04343	4.57	2.910924435482991	2.246400679829441	2.948901235323453	3.469591838300556
"2024Q2"	2.593744018604194	6.875622998725972	2.168496556002775	-0.6157430207473058	-1.91198446931472	3.221935010828547	1.651400274232873	4.239744664626799	2.747233260260984	4.48724039022626	1.725349091417159	4.530524754891352	4.173650423961739	4.125968702624383	2.415245067709448	3.304969892436227	3.410886820867787	4.135990322326455	2.95146472758554	5.930254747096408	1.732831081631936	-0.29120566064188	2.893373523944764	-0.5676983621641589	4.5	3.06061	4.57	3.19560730006551	1.729195016635998	3.131661782422412	3.415738100940757
"2024Q3"	3.000887353748616	6.869962584297085	2.125506992550297	2.954639674702397	3.12289635782852	2.472326771697264	2.49162022866809	4.922521719222561	3.60157113341919	4.671744622789332	1.629773092417259	4.031421347578923	3.756346003644895	3.660276058403933	2.309805558227618	3.133128984265543	2.864422408852363	3.680783540605681	2.286304268519546	5.785551465259631	2.050166108690932	-0.4062801225942936	3.421040715264301	-0.4882701006996735	4.5	3.16463	4.57	3.518830673864024	2.246916022218515	3.421663362011107	3.32034840299098
"2024Q4"	3.396581741284654	6.696103475355231	2.204395836285777	8.223123906188491	10.92374654765111	0.8216906203412533	1.757264387051682	5.441969798730417	4.497363174303337	4.730355298350468	1.577010068789012	3.516144069835159	3.191139162723733	3.17320174689002	2.188866347064766	2.89857628865664	2.354045303848995	3.219577630104231	1.607019180049774	5.557234447523962	2.310686137811602	-0.4727616858109407	3.887728468274565	-0.2065631949481717	4.5	3.27763	4.57	3.702835265844686	2.710610580701012	3.619841529275059	3.241652579700882
"2025Q1"	3.17153511971624	6.727473219117996	2.256554997582283	5.311323170222981	6.754676411438409	1.252678592970113	2.088740251121912	5.066735524503385	4.064681962281735	4.971592939814681	1.557597926812284	3.59510619144412	3.44661079772508	2.861997607198852	2.043301435048606	2.881420904676713	2.162525924730718	2.935006817466701	2.08932298552218	5.812678681537564	2.868590279095939	-0.4589281710142723	3.647173795070691	-0.602571823004438	4.5	3.29889	4.57	4.161305549238513	3.027871797356552	3.996890946040699	3.206241467130377
"2025Q2"	3.163380536355653	6.802526885838245	2.313961486996519	4.679609258785522	6.088573799320351	0.715857399385067	2.338761384471755	4.936081443954343	4.172973577443351	4.990568185747227	1.592169116516486	3.65610727227621	3.527556047597935	2.865554367058865	2.28410892595543	3.024943670104951	2.166724283298627	2.940087422211612	2.337727191871464	6.006069404446812	3.053002197594457	-0.4065809266574738	3.584585335300283	-0.5847060791927259	4.5	3.26571	4.57	4.277564258536478	2.978251736934268	4.150982796945879	3.180924066139457
"2025Q3"	2.606847483018537	6.372154068484392	2.34218233149448	1.943795283074157	2.513177398436817	0.3021444818362973	1.423093097023753	4.289970519568143	3.470019798539004	5.210036035403554	1.558462188716743	3.786356689727755	3.669610976184368	3.025574787609298	2.362193648499789	3.125670113141332	2.289901694606611	3.096764352890657	2.897865531592991	5.873738017012742	2.764600772591241	-0.2772320898840941	2.892063706170989	-1.055854577837242	4.5	3.24497	4.57	4.648870558504536	2.754221750235453	4.254621220758503	3.190873579977405
"2025Q4"	2.021127765651287	6.096776741863952	2.356814946781727	-3.165630604997594	-4.412558176565162	0.5941360786367866	1.930880927014367	3.759874128934637	2.564006415224118	5.491535797635605	1.550154342942304	4.010907295997024	3.994890215485736	3.233926410164067	2.46682309383861	3.297431414067553	2.483599238558232	3.324293298404379	3.482357491950161	5.723243879349815	2.411359190769913	-0.1413076298316218	2.165495478722912	-1.349363093311866	4.5	3.22663	4.57	5.085831159120686	2.549940973058362	4.415932602185668	3.193717976840427
